modzcta,borough,pop_est
10001,Manhattan,23072
10002,Manhattan,74993
10003,Manhattan,54682
10026,Manhattan,39363
10004,Manhattan,3028
10005,Manhattan,8831
10006,Manhattan,3454
10007,Manhattan,7023
10009,Manhattan,57925
10010,Manhattan,33730
10011,Manhattan,50472
10012,Manhattan,23411
10013,Manhattan,28709
10014,Manhattan,30738
10016,Manhattan,51057
10017,Manhattan,15801
10018,Manhattan,9687
10030,Manhattan,29882
10019,Manhattan,43703
10021,Manhattan,46215
10022,Manhattan,31125
10023,Manhattan,62435
10024,Manhattan,59001
10025,Manhattan,92805
10027,Manhattan,64548
10028,Manhattan,47793
10029,Manhattan,79597
10031,Manhattan,60254
10032,Manhattan,64264
10033,Manhattan,59607
10034,Manhattan,42910
10037,Manhattan,21139
10035,Manhattan,35743
10036,Manhattan,27428
10038,Manhattan,22800
10040,Manhattan,44571
11104,Queens,26119
11105,Queens,37382
10039,Manhattan,27726
10128,Manhattan,59256
10044,Manhattan,11682
10065,Manhattan,28109
10069,Manhattan,5085
10075,Manhattan,23140
10280,Manhattan,9384
10282,Manhattan,5593
10301,Staten Island,38733
11106,Queens,38363
10302,Staten Island,18204
10303,Staten Island,25947
10304,Staten Island,41064
10451,Bronx,47798
10305,Staten Island,42298
10306,Staten Island,53142
10307,Staten Island,15232
10308,Staten Island,30186
10309,Staten Island,33531
10310,Staten Island,23262
10312,Staten Island,61741
10314,Staten Island,90761
10456,Bronx,94218
10452,Bronx,76078
10453,Bronx,79606
10454,Bronx,38203
10455,Bronx,42283
10457,Bronx,74554
10458,Bronx,83960
10459,Bronx,48351
10460,Bronx,59505
10461,Bronx,50348
11004,Queens,19216
11101,Queens,30043
10462,Bronx,76756
10463,Bronx,71360
10464,Bronx,4434
10465,Bronx,44205
10466,Bronx,72479
10467,Bronx,103732
10468,Bronx,78647
10469,Bronx,73870
10470,Bronx,15432
11102,Queens,30800
11109,Queens,5981
10471,Bronx,21896
10472,Bronx,68796
10473,Bronx,59609
10474,Bronx,12127
11103,Queens,36140
10475,Bronx,43208
11201,Brooklyn,62823
11203,Brooklyn,75451
11204,Brooklyn,76978
11205,Brooklyn,46064
11206,Brooklyn,88349
11207,Brooklyn,91972
11209,Brooklyn,67809
11208,Brooklyn,98660
11210,Brooklyn,67040
11211,Brooklyn,102624
11212,Brooklyn,76527
11213,Brooklyn,66295
11218,Brooklyn,74508
11214,Brooklyn,92946
11215,Brooklyn,70156
11216,Brooklyn,56308
11217,Brooklyn,41407
11219,Brooklyn,90036
11220,Brooklyn,95643
11221,Brooklyn,83835
11222,Brooklyn,36492
11223,Brooklyn,81789
11224,Brooklyn,46707
11225,Brooklyn,58882
11226,Brooklyn,100277
11228,Brooklyn,44994
11230,Brooklyn,89075
11415,Queens,19372
11229,Brooklyn,83615
11231,Brooklyn,37845
11358,Queens,37190
11232,Brooklyn,27602
11233,Brooklyn,76819
11234,Brooklyn,95666
11235,Brooklyn,78128
11236,Brooklyn,100331
11237,Brooklyn,49310
11238,Brooklyn,54540
11239,Brooklyn,13244
11354,Queens,55200
11355,Queens,80853
11356,Queens,23362
11357,Queens,39902
11360,Queens,19621
11372,Queens,61844
11361,Queens,27246
11362,Queens,18721
11416,Queens,27125
11363,Queens,6952
11364,Queens,36806
11373,Queens,93967
11365,Queens,44983
11366,Queens,14650
11367,Queens,41824
11374,Queens,42653
11368,Queens,112425
11417,Queens,31927
11369,Queens,34118
11370,Queens,32514
11375,Queens,73488
11379,Queens,37851
11377,Queens,86421
11378,Queens,37279
11421,Queens,41002
11422,Queens,32082
11385,Queens,106717
11411,Queens,20930
11412,Queens,37458
11413,Queens,42443
11414,Queens,29219
11420,Queens,48489
11418,Queens,38517
11419,Queens,49618
11423,Queens,31400
11426,Queens,20801
11427,Queens,24037
11428,Queens,18929
11436,Queens,20077
11691,Queens,67094
11692,Queens,20991
11693,Queens,12919
11429,Queens,31780
11432,Queens,62053
11433,Queens,36489
11434,Queens,65989
11435,Queens,59296
11694,Queens,21354
11697,Queens,3540
99999,,0
